{
  "moduleId": "presenca_divina_acao",
  "name": "Presença na Ação",
  "sampleRate": 44100,
  "durationsSec": { "activation": 120, "harmony": 3180, "expansion": 300, "dissolution": 0 },
  "breathingBpm": 3.0,
  "rotationRadPerSec": 0.04,
  "brightnessMax": 0.68,
  "frequenciesHz": { "drone": 174, "tones": [432, 963] },
  "isochronicHz": 7.5,
  "reverb": { "wetGain": 0.12, "boostDbPhase3": 2.0 },
  "shelf": { "highStartHz": 1800, "phase3BoostDb": 1.5, "phase4CutDb": -6 },
  "pan": { "lfoHz": 0.03, "depth": 0.6 },
  "noiseLevelDb": -31,
  "noiseType": "brown",
  "prebufferSec": 2.5,
  "brainwave": {
    "carrierHz": 432,
    "binauralHz": 7.5,
    "preferBinaural": true,
    "fallbackIsochronicOnMono": true
  },
  "visual": {
    "flowerPetals": 0,
    "flowerOpacity": 0.0,
    "centralSphere": false,
    "geometry": {
      "type": "ring",
      "metatronOpacity": 0.28,
      "ringLineWidth": 3.5,
      "secondaryPulseAlpha": 0.14
    },
    "palette": {
      "dominant": "#0A1C4F",
      "gold": "#EBD36E",
      "rose": "rgba(202, 194, 255, 0.16)",
      "violet": "rgba(202, 194, 255, 0.18)",
      "aura": "rgba(235, 211, 110, 0.08)",
      "bg1": "#050D21",
      "bg2": "#0A132A",
      "bg3": "#0F1B3A"
    },
    "maxMicropulsesPerCycle": 3
  },
  "popups": {
    "intent": {
      "title": "Portal de Intenção",
      "message": "Eu entro na Presença Divina.<br>Minha atenção é o altar onde o Sagrado se manifesta."
    },
    "seal": {
      "title": "Selamento do Campo",
      "message": "Eu selo este dia na Luz da Presença.<br>A clareza e o foco permanecem comigo."
    }
  }
}

