{
  "moduleId": "silencio_entre_os_raios",
  "name": "O Silêncio entre os Raios",
  "sampleRate": 44100,
  "durationsSec": { "activation": 300, "harmony": 3300, "expansion": 1200, "dissolution": 600 },
  "breathingBpm": 3.0,
  "rotationRadPerSec": 0.05,
  "brightnessMax": 0.70,
  "frequenciesHz": { "drone": 174, "fundamental": 396, "tones": [432, 639] },
  "isochronicHz": 7.5,
  "reverb": { "wetGain": 0.12, "boostDbPhase3": 2.0 },
  "shelf": { "highStartHz": 1800, "phase3BoostDb": 1.8, "phase4CutDb": -6 },
  "silenceWindows": { "everySec": 30, "durationSec": 2.5, "depthDb": -18, "fadeMs": 150 },
  "pan": { "lfoHz": 0.03, "depth": 0.9 },
  "noiseLevelDb": -30,
  "visual": {
    "flowerPetals": 24,
    "flowerOpacity": 0.4,
    "centralSphere": true,
    "geometry": { "type": "flower", "ringLineWidth": 3.5, "secondaryPulseAlpha": null },
    "palette": {
      "dominant": "#1A1F4E",
      "gold": "#E8C66A",
      "rose": "rgba(249, 244, 210, 0.6)",
      "violet": "rgba(138, 43, 226, 0.3)"
    }
  },
  "popups": {
    "intent": {
      "title": "Portal de Intenção",
      "message": "Ao entrar neste espaço, eu acolho o silêncio como voz divina.<br>Cada som e cada luz me lembram que o neutro é sagrado.<br>Eu permito que a sabedoria me reencontre na calma."
    },
    "seal": {
      "title": "Selamento do Campo",
      "message": "Eu selo o silêncio em luz consciente.<br>Que a serenidade continue vibrando em mim e em tudo o que toco."
    }
  }
}
