{
  "moduleId": "paz_por_do_sol",
  "name": "PAZ — Pôr do Sol da Integração",
  "sampleRate": 44100,
  "durationsSec": { "activation": 120, "harmony": 3180, "expansion": 300, "dissolution": 0 },
  "breathingBpm": 3.0,
  "rotationRadPerSec": 0.035,
  "brightnessMax": 0.72,
  "frequenciesHz": { "drone": 174, "tones": [432, 528, 963] },
  "isochronicHz": 7.5,
  "reverb": { "wetGain": 0.12, "boostDbPhase3": 1.8 },
  "shelf": { "highStartHz": 1800, "phase3BoostDb": 1.2, "phase4CutDb": -6 },
  "pan": { "lfoHz": 0.03, "depth": 0.6 },
  "noiseLevelDb": -30,
  "noiseType": "pink+brownBlend",
  "prebufferSec": 2.5,
  "brainwave": { "carrierHz": 432, "binauralHz": 7.5, "preferBinaural": true, "fallbackIsochronicOnMono": true },
  "mask": { "hz": 600, "gainDb": 2.0 },
  "visual": {
    "flowerPetals": 12,
    "flowerOpacity": 0.25,
    "centralSphere": false,
    "geometry": { "type": "ring", "metatronOpacity": 0.0, "support": "flower", "supportOpacity": 0.25, "ringLineWidth": 3.5, "secondaryPulseAlpha": 0.16 },
    "palette": {
      "dominant": "#F2A17C",
      "gold": "#FCE3B5",
      "rose": "#D9B2FF",
      "violet": "rgba(217, 178, 255, 0.16)",
      "aura": "rgba(249, 244, 210, 0.10)",
      "bg1": "#1A1024",
      "bg2": "#140A1B",
      "bg3": "#0C0816"
    },
    "maxMicropulsesPerCycle": 3
  },
  "popups": {
    "intent": {
      "title": "Portal da Paz",
      "message": "Eu entro no pôr do sol da minha consciência.<br>Tudo o que vivi hoje se harmoniza em paz dentro de mim."
    },
    "seal": {
      "title": "Fechamento da Paz",
      "message": "Eu selo este campo de paz e integração.<br>Levo comigo a calma, a confiança e a luz do que aprendi hoje."
    }
  }
}

